epoch,time,train/box_loss,train/cls_loss,train/dfl_loss,metrics/precision(B),metrics/recall(B),metrics/mAP50(B),metrics/mAP50-95(B),val/box_loss,val/cls_loss,val/dfl_loss,lr/pg0,lr/pg1,lr/pg2
1,36.4088,1.04485,2.81658,1.60313,0.9599,0.96933,0.99468,0.85106,0.56519,0.94031,1.69875,0.000473952,0.000473952,0.000473952
2,76.2685,0.54016,0.74031,1.48619,0.82698,0.97296,0.99119,0.88755,0.58258,0.70779,1.52785,0.000945581,0.000945581,0.000945581
3,110.739,0.48385,0.52666,1.42132,0.91798,0.96246,0.995,0.90257,0.54114,0.80947,1.62716,0.00141249,0.00141249,0.00141249
4,152.931,0.46319,0.46682,1.40009,0.95938,0.9135,0.99167,0.92038,0.45249,0.75041,1.50096,0.00140778,0.00140778,0.00140778
5,192.898,0.39892,0.39864,1.44182,0.99836,1,0.995,0.90588,0.41514,0.39815,1.67345,0.00140071,0.00140071,0.00140071
6,238.065,0.37317,0.36604,1.4311,0.99842,1,0.995,0.93578,0.39959,0.3616,1.67771,0.00139363,0.00139363,0.00139363
7,281.13,0.35729,0.35055,1.40051,0.99771,1,0.995,0.94729,0.36764,0.31426,1.50459,0.00138656,0.00138656,0.00138656
8,326.261,0.33098,0.3314,1.41901,0.99016,0.99168,0.995,0.95426,0.32227,0.37105,1.52422,0.00137949,0.00137949,0.00137949
9,371.38,0.31583,0.31246,1.35742,0.99842,1,0.995,0.93357,0.30888,0.4518,1.47737,0.00137241,0.00137241,0.00137241
10,415.638,0.29994,0.29333,1.38683,0.99678,0.99153,0.995,0.95162,0.30751,0.37489,1.51771,0.00136534,0.00136534,0.00136534
11,458.482,0.28448,0.28397,1.37392,0.99851,1,0.995,0.9475,0.27381,0.29891,1.54753,0.00135826,0.00135826,0.00135826
12,516.439,0.29436,0.28164,1.37089,0.99913,1,0.995,0.9327,0.33294,0.2524,1.50384,0.00135119,0.00135119,0.00135119
13,560.828,0.27622,0.26888,1.3838,0.81152,0.94451,0.99485,0.90512,0.48291,0.58535,1.49152,0.00134412,0.00134412,0.00134412
14,602.984,0.27511,0.27169,1.36593,0.99847,1,0.995,0.9507,0.28226,0.35686,1.48841,0.00133704,0.00133704,0.00133704
15,652.557,0.2847,0.277,1.36325,0.99873,1,0.995,0.92845,0.3346,0.26467,1.57808,0.00132997,0.00132997,0.00132997
16,706.244,0.27889,0.27456,1.36031,0.99841,1,0.995,0.94829,0.33376,0.28031,1.58528,0.0013229,0.0013229,0.0013229
17,753.579,0.27073,0.26512,1.37512,1,1,0.995,0.95009,0.29069,0.25307,1.56649,0.00131582,0.00131582,0.00131582
18,971.799,0.27844,0.26589,1.38416,0.99904,1,0.995,0.96526,0.30314,0.27992,1.54697,0.00130875,0.00130875,0.00130875
19,1475.46,0.25704,0.25153,1.36494,1,1,0.995,0.96926,0.27953,0.2625,1.53285,0.00130168,0.00130168,0.00130168
20,1523.35,0.24937,0.24646,1.37285,1,1,0.995,0.94417,0.36023,0.24764,1.52569,0.0012946,0.0012946,0.0012946
21,1556.26,0.24275,0.24205,1.36962,1,1,0.995,0.95353,0.31549,0.40669,1.53086,0.00128753,0.00128753,0.00128753
22,1590.38,0.23733,0.23722,1.37402,0.99869,1,0.995,0.9671,0.26456,0.22964,1.55347,0.00128046,0.00128046,0.00128046
23,1622.5,0.2268,0.22637,1.35853,1,1,0.995,0.9743,0.2341,0.35342,1.48705,0.00127338,0.00127338,0.00127338
24,1655.22,0.22455,0.22782,1.36168,1,1,0.995,0.9665,0.26563,0.37375,1.51321,0.00126631,0.00126631,0.00126631
25,1690.02,0.22843,0.22638,1.36085,1,1,0.995,0.95133,0.31182,0.39838,1.48448,0.00125923,0.00125923,0.00125923
26,1729.83,0.22501,0.21976,1.39359,0.99941,1,0.995,0.94122,0.32238,0.32003,1.51622,0.00125216,0.00125216,0.00125216
27,1766.87,0.22022,0.21995,1.36755,1,1,0.995,0.95072,0.317,0.23063,1.54648,0.00124509,0.00124509,0.00124509
28,1817.15,0.20869,0.2148,1.35833,1,1,0.995,0.96344,0.27462,0.27996,1.51031,0.00123801,0.00123801,0.00123801
29,1865.82,0.21227,0.21522,1.37571,0.99896,1,0.995,0.96115,0.31155,0.23935,1.53167,0.00123094,0.00123094,0.00123094
30,1920.18,0.21853,0.21548,1.37314,0.99971,1,0.995,0.95906,0.30895,0.33675,1.53145,0.00122387,0.00122387,0.00122387
31,1966.88,0.22243,0.22089,1.35816,1,1,0.995,0.96363,0.26503,0.23304,1.56388,0.00121679,0.00121679,0.00121679
32,2011.33,0.20455,0.20666,1.35446,1,1,0.995,0.96432,0.25068,0.2477,1.51578,0.00120972,0.00120972,0.00120972
33,2137.94,0.21464,0.20848,1.36626,1,1,0.995,0.95934,0.26404,0.23163,1.51249,0.00120265,0.00120265,0.00120265
34,2346.35,0.22367,0.21101,1.37332,1,1,0.995,0.9583,0.27086,0.22746,1.52073,0.00119557,0.00119557,0.00119557
35,2449.68,0.21288,0.20451,1.35734,1,1,0.995,0.9737,0.21556,0.40795,1.45183,0.0011885,0.0011885,0.0011885
36,2482.3,0.20145,0.19845,1.34208,1,1,0.995,0.97304,0.24264,0.20652,1.49348,0.00118143,0.00118143,0.00118143
37,2516.47,0.19583,0.19848,1.35549,1,1,0.995,0.96892,0.23252,0.34195,1.41978,0.00117435,0.00117435,0.00117435
38,2673.77,0.20917,0.20458,1.34753,1,1,0.995,0.97197,0.23657,0.26094,1.47974,0.00116728,0.00116728,0.00116728
39,2878.54,0.22536,0.21699,1.37115,0.99844,1,0.995,0.95575,0.30291,0.26986,1.49336,0.00116021,0.00116021,0.00116021
40,2993.53,0.2105,0.20914,1.34877,0.99925,1,0.995,0.96697,0.2587,0.20084,1.49784,0.00115313,0.00115313,0.00115313
41,3168.55,0.2103,0.20584,1.34702,0.99834,0.99833,0.995,0.95874,0.27288,0.42076,1.41276,0.00114606,0.00114606,0.00114606
42,3713.14,0.19882,0.20121,1.36018,1,1,0.995,0.95169,0.32182,0.22882,1.51912,0.00113898,0.00113898,0.00113898
43,4979.97,0.20042,0.19951,1.38741,1,0.965,0.98214,0.9536,0.23946,0.2725,1.43144,0.00113191,0.00113191,0.00113191
44,5238.6,0.20148,0.20203,1.34158,1,1,0.995,0.9678,0.26946,0.21243,1.49767,0.00112484,0.00112484,0.00112484
45,5279.86,0.20822,0.20263,1.31822,1,1,0.995,0.95917,0.27097,0.28953,1.48626,0.00111776,0.00111776,0.00111776
46,5326.43,0.20084,0.20145,1.36124,1,1,0.995,0.9666,0.27153,0.26911,1.5272,0.00111069,0.00111069,0.00111069
47,5382,0.20863,0.2097,1.32162,1,1,0.995,0.95288,0.34363,0.23363,1.54567,0.00110362,0.00110362,0.00110362
48,5427.3,0.23373,0.22469,1.37817,0.99834,1,0.995,0.9558,0.31912,0.3295,1.49756,0.00109654,0.00109654,0.00109654
49,5473.01,0.21857,0.21288,1.40314,1,1,0.995,0.96744,0.26572,0.21022,1.52659,0.00108947,0.00108947,0.00108947
50,5527.98,0.206,0.20887,1.34585,1,1,0.995,0.96022,0.27411,0.18925,1.51389,0.0010824,0.0010824,0.0010824
51,5583.24,0.20146,0.2055,1.37193,1,1,0.995,0.95071,0.32692,0.25442,1.48989,0.00107532,0.00107532,0.00107532
52,5629.03,0.20141,0.20801,1.34453,1,1,0.995,0.95445,0.31145,0.23812,1.52608,0.00106825,0.00106825,0.00106825
53,5679.47,0.18214,0.19059,1.3797,1,1,0.995,0.95565,0.30892,0.21443,1.50492,0.00106118,0.00106118,0.00106118
54,5734.96,0.2,0.20008,1.33874,1,1,0.995,0.96866,0.25615,0.26981,1.47499,0.0010541,0.0010541,0.0010541
55,5774.27,0.20172,0.19989,1.35776,0.99873,1,0.995,0.9578,0.2968,0.23711,1.52127,0.00104703,0.00104703,0.00104703
56,5812.01,0.19991,0.19752,1.35539,0.99951,1,0.995,0.94833,0.34335,0.20234,1.53222,0.00103995,0.00103995,0.00103995
57,5867.39,0.1906,0.19274,1.35047,1,1,0.995,0.96462,0.27369,0.19579,1.52878,0.00103288,0.00103288,0.00103288
58,5921.42,0.18735,0.19197,1.33859,1,1,0.995,0.96632,0.26166,0.21851,1.50441,0.00102581,0.00102581,0.00102581
59,5974.83,0.18681,0.1884,1.3678,0.99945,1,0.995,0.96662,0.24404,0.19557,1.50786,0.00101873,0.00101873,0.00101873
60,6025.77,0.18652,0.18988,1.3597,1,1,0.995,0.95119,0.32756,0.19956,1.53139,0.00101166,0.00101166,0.00101166
61,6080.56,0.18001,0.18383,1.36496,1,1,0.995,0.96332,0.28579,0.21434,1.50854,0.00100459,0.00100459,0.00100459
